,Nom du cyclone,Type du cyclone,Rayon des vents maximum (m),Pression minimale au niveau de la mer (en mB),magnitude du taux de cisaillement (en noeuds),Vitesse du cyclone (en noeuds),temperature de la surface de la mer (en C),vents tangentiel a 850 hPa moyenne de 0-600km (x10M/S),Vorticite absolue moyenne a 0-1000km (x107/S),divergence a 200hPa moyenne a 0-1000km (x107/S),Precipitation    (mm/jour),taux de cisaillement total  (en noeuds),Pression de la derniere isobare fermee (mBar),Rayon de la derniere isobare fermee (rayon du cyclone) (en m),P_SURF      (MB),T_1000  temperature entre 200 et 800km    (10C),R_1000 relative humidity de 200 a 800km       (%),T_0850  temperature entre 200 et 800km   (10C),R_0850  relative humidity de 200 a 800k     (%),T_0700  temperature entre 200 et 800km   (10C),R_0700  relative humidity de 200 a 800k     (%),T_0500 temperature entre 200 et 800km    (10C),R_0500 relative humidity de 200 a 800km       (%),T_0400  temperature entre 200 et 800km   (10C),R_0400   relative humidity de 200 a 800k    (%),T_0300  temperature entre 200 et 800km   (10C),R_0300   relative humidity de 200 a 800k    (%),Vitesse maximale des vents (en m/s),nombre de Reynolds,nombre de Mach
0,AL01,HU1,177322.751323,994.608465608,6.06349206349,6.91534391534,27.9761904762,124.73015873,115.44973545,66.8518518519,32.253968254,14.5541379259,1005.41798942,371645.502646,1008.37037037,286.677248677,79.2116402116,200.301587302,79.5767195767,110.317460317,80.8306878307,-34.4285714286,76.0317460317,-272.624338624,58.7407407407,-272.624338624,58.7407407407,37.5353585185,9.32051855951e+11,0.109432532124
1,AL01,HU2,166605.263158,991.631578947,5.60526315789,8.23684210526,28.5131578947,131.421052632,114.736842105,81.4473684211,35.9210526316,13.94414,1004.42105263,376684.210526,1007.18421053,301.526315789,73.5789473684,210.131578947,76.3157894737,113.105263158,81.2631578947,-32.3684210526,76.8947368421,-266.842105263,56.2631578947,-266.842105263,56.2631578947,46.29996,1.162697592e+12,0.134985306122
2,AL01,TS,184403.465347,1002.35561056,16.5981848185,8.33498349835,27.0905115512,90.0585808581,57.4018151815,50.4909240924,23.0775577558,15.1289830792,1008.38778878,353738.448845,1009.669967,270.26650165,78.1097359736,185.155940594,75.6080858086,99.797029703,68.7392739274,-50.0346534653,60.1311881188,-297.198019802,46.1179867987,-297.198019802,46.1179867987,24.8456926898,5.90191492926e+11,0.0724364218361
3,AL02,HU1,137220.952381,997.765714286,13.7104761905,7.23238095238,27.026952381,133.047619048,-17.3828571429,12.4180952381,16.5733333333,18.4033766933,1013.79809524,273109.52381,1017.55238095,251.988571429,78.8619047619,167.97047619,67.3723809524,89.0514285714,45.9961904762,-70.1085714286,36.919047619,-326.399047619,33.3780952381,-326.399047619,33.3780952381,37.1306081333,6.67412698533e+11,0.108252501846
4,AL02,HU2,146199.152542,1002.18644068,18.4745762712,7.80084745763,27.275,118.381355932,-14.0762711864,12.9279661017,15.1694915254,17.9554035085,1013.99152542,260381.355932,1017.22457627,253.491525424,78.5211864407,168.06779661,69.4025423729,90.1737288136,46.9576271186,-70.6313559322,39.2415254237,-328.805084746,29.8813559322,-328.805084746,29.8813559322,45.6242072881,7.92391989627e+11,0.133015181598
5,AL02,HU3,144927.152318,1000.92715232,19.4900662252,8.47682119205,26.9721854305,125.456953642,34.2317880795,32.6821192053,20.1523178808,19.511395947,1013.50993377,333105.960265,1015.94701987,253.635761589,78.9668874172,168.549668874,73.2052980132,90.1986754967,50.8741721854,-69.3509933775,44.9271523179,-323.986754967,32.178807947,-323.986754967,32.178807947,53.1989606623,1.1823149609e+12,0.155099010677
6,AL02,TS,141710.837438,994.949261084,16.1206896552,10.9950738916,25.9536453202,136.108866995,22.0783251232,24.2039408867,17.0098522167,19.2331098207,1013.11527094,332245.320197,1015.56059113,247.666502463,78.5384236453,166.333990148,67.4064039409,84.9408866995,52.1487684729,-67.8536945813,45.2852216749,-321.987192118,40.0487684729,-321.987192118,40.0487684729,26.9855021379,5.95714663595e+11,0.0786749333467
7,AL03,HU1,157402.597403,977.329004329,15.645021645,24.7251082251,23.3831168831,199.582251082,35.0844155844,80.5021645022,33.7012987013,24.8213662424,1010.12987013,448147.186147,1009.99350649,240.233766234,82.9978354978,166.82034632,71.9588744589,82.7380952381,61.2532467532,-66.3008658009,59.303030303,-300.329004329,49.4826839827,-300.329004329,49.4826839827,36.8517839394,1.10277047265e+12,0.107439603322
8,AL03,HU2,153100.890208,982.456973294,11.0059347181,15.8456973294,28.309495549,198.513353116,31.3916913947,57.8724035608,38.1928783383,20.7975817685,1011.98219585,424359.050445,1012.19881306,271.299703264,76.9762611276,181.353115727,72.5786350148,98.4925816024,60.3145400593,-50.6320474777,58.7240356083,-291.545994065,49.1068249258,-291.545994065,49.1068249258,46.5594718101,1.31697969308e+12,0.135741900321
9,AL03,HU3,149935.779817,983.194954128,11.0733944954,15.2339449541,28.379587156,195.550458716,63.7752293578,74.5573394495,39.4747706422,19.557131422,1010.04587156,432775.229358,1011.18577982,273.699541284,76.4059633028,180.73853211,75.9931192661,97.9862385321,60.9587155963,-50.4288990826,56.8394495413,-291.70412844,49.497706422,-291.70412844,49.497706422,54.205406789,1.5644312835e+12,0.158033255945
10,AL03,HU4,149498.371336,982.560260586,9.31921824104,15.0618892508,28.3912052117,194.941368078,79.4918566775,76.8697068404,39.9055374593,18.6322567948,1007.88925081,424830.618893,1009.66775244,273.351791531,76.5276872964,179.811074919,77.5472312704,99.1140065147,59.8631921824,-49.3615635179,55.0684039088,-292.270358306,48.8208469055,-292.270358306,48.8208469055,59.16106,1.67556198228e+12,0.17248122449
11,AL03,TS,171502.538071,1001.47884941,17.6903553299,15.399323181,21.2013536379,93.0862944162,33.3248730964,23.972927242,12.1201353638,15.3776103283,1010.11505922,333032.1489,1012.37563452,213.930626058,82.3908629442,145.148900169,70.0998307953,60.6615905245,56.0,-92.5549915398,45.2284263959,-353.191201354,42.9323181049,-353.191201354,42.9323181049,24.934430423,5.68641676433e+11,0.0726951324286
12,AL04,HU1,134852.731591,991.178147268,9.5890736342,11.9976247031,26.2258907363,140.565320665,48.0475059382,50.539192399,33.8361045131,17.2735876105,1008.50356295,367325.415677,1010.67933492,288.6152019,72.2636579572,196.629453682,71.674584323,102.168646081,68.0498812352,-50.8194774347,66.2612826603,-291.992874109,52.9619952494,-291.992874109,52.9619952494,36.7992424228,9.04952615737e+11,0.107286421058
13,AL04,HU2,125825.0,997.025,7.3,6.05,26.3325,110.175,14.65,4.275,21.175,15.1632369,1008.75,323800.0,1012.15,269.65,77.6,187.775,71.45,96.55,69.125,-57.8,63.7,-306.625,48.95,-306.625,48.95,43.72774,9.43936147467e+11,0.127486122449
14,AL04,HU3,143035.714286,992.285714286,6.46428571429,16.8571428571,25.55,148.107142857,54.6428571429,34.4285714286,29.8928571429,17.197128,1007.07142857,353178.571429,1010.07142857,273.035714286,79.3214285714,186.714285714,75.1785714286,102.428571429,62.9642857143,-50.9285714286,65.2142857143,-294.214285714,53.3928571429,-294.214285714,53.3928571429,56.58884,1.33239771133e+12,0.164982040816
15,AL04,HU4,136097.826087,991.72826087,7.58695652174,17.1032608696,28.6065217391,149.364130435,75.8804347826,63.9782608696,29.6793478261,15.9561516739,1007.59782609,368902.173913,1010.28804348,275.190217391,76.8586956522,185.233695652,74.5217391304,101.043478261,64.1304347826,-52.0054347826,61.8695652174,-297.092391304,54.7065217391,-297.092391304,54.7065217391,66.0948704348,1.62619289862e+12,0.192696415262
16,AL04,HU5,132252.631579,988.652631579,6.69473684211,16.3526315789,27.9810526316,159.810526316,74.0526315789,64.7789473684,35.6789473684,16.99019,1007.36842105,368305.263158,1010.04736842,282.478947368,74.6789473684,188.531578947,75.8684210526,102.673684211,64.9052631579,-49.7105263158,62.9789473684,-292.110526316,55.2105263158,-292.110526316,55.2105263158,73.606106,1.8093509924e+12,0.214595061224
17,AL04,TS,176320.075758,1003.33712121,14.3873106061,9.09753787879,27.5197916667,93.1354166667,15.9261363636,37.4678030303,17.678030303,16.1932940909,1010.1344697,322584.280303,1011.6875,272.483901515,76.2765151515,186.168560606,70.8106060606,100.976325758,58.5189393939,-52.9696969697,54.228219697,-304.209280303,45.8920454545,-304.209280303,45.8920454545,21.7372076515,4.69874442545e+11,0.0633737832406
18,AL05,HU1,136014.028056,1000.14228457,7.64328657315,11.1342685371,27.3641282565,105.056112224,15.8416833667,36.7314629259,23.1763527054,14.2920584609,1009.23446894,304252.50501,1011.62324649,274.847695391,78.1563126253,187.679358717,71.9218436874,100.691382766,64.6553106212,-53.128256513,66.8236472946,-298.22244489,52.1743486974,-298.22244489,52.1743486974,38.1554557916,7.77932457141e+11,0.111240395894
19,AL05,HU2,139626.01626,998.406504065,7.05691056911,12.0325203252,29.2048780488,115.300813008,18.5284552846,35.8536585366,26.0081300813,15.0736274472,1010.11382114,310308.943089,1012.56910569,287.552845528,69.7723577236,191.243902439,70.406504065,98.9024390244,61.8211382114,-55.7073170732,61.837398374,-301.691056911,47.7723577236,-301.691056911,47.7723577236,44.9824814634,9.2424813858e+11,0.131144260826
20,AL05,HU3,128269.387755,994.546938776,9.02857142857,12.4897959184,26.8963265306,118.563265306,12.0163265306,34.8775510204,25.0081632653,14.3435386286,1009.24081633,336269.387755,1011.54285714,286.106122449,73.5836734694,196.257142857,69.4285714286,104.391836735,62.0448979592,-52.4816326531,62.1142857143,-298.126530612,48.5795918367,-298.126530612,48.5795918367,56.0219017143,1.26061177562e+12,0.163329159517
21,AL05,HU4,137013.020833,1002.328125,9.90364583333,15.8098958333,27.5533854167,95.7760416667,19.1328125,30.1380208333,20.1875,13.8779307188,1009.93229167,306565.104167,1012.04947917,273.328125,78.3307291667,187.002604167,71.1822916667,101.4140625,60.4895833333,-56.640625,63.4375,-306.885416667,52.359375,-306.885416667,52.359375,62.4299229167,1.26745827904e+12,0.182011437075
22,AL05,HU5,133963.768116,1003.01449275,8.55072463768,15.4130434783,28.9362318841,95.7971014493,26.5072463768,40.8405797101,21.5579710145,13.5358417681,1009.53623188,255623.188406,1012.22463768,276.913043478,76.9420289855,188.405797101,70.3405797101,103.152173913,60.1956521739,-55.4637681159,63.5869565217,-304.137681159,52.9347826087,-304.137681159,52.9347826087,70.2327895652,1.1963531908e+12,0.204760319432
23,AL05,TS,159083.280356,1006.92816275,10.1754609027,12.7094723458,27.7966942149,79.6636999364,24.4024157661,29.7546090273,15.3299427845,13.0713908404,1011.30959949,273237.762238,1013.30769231,267.240305149,76.764144946,181.422123331,71.4926891291,97.9326128417,58.1277813096,-58.61093452,55.3350286078,-307.694214876,41.9923712651,-307.694214876,41.9923712651,23.1548856961,4.23615472362e+11,0.0675069553823
24,AL06,HU1,183672.38422,991.077186964,15.5437392796,15.0497427101,27.9581475129,154.312178388,68.332761578,54.0360205832,31.3121783877,20.1215549434,1009.78730703,410082.332762,1011.135506,265.195540309,77.0806174957,176.445969125,74.5111492281,96.667238422,58.8765008576,-54.7770154374,52.4922813036,-295.905660377,43.6295025729,-295.905660377,43.6295025729,37.8509011664,1.03911481729e+12,0.110352481535
25,AL06,HU2,153594.882729,987.874200426,12.1066098081,10.3773987207,28.3123667377,165.942430704,35.7718550107,48.5351812367,29.6759061834,19.1430206567,1010.6652452,417530.916844,1011.68230277,272.379530917,76.7931769723,183.208955224,71.1279317697,100.833688699,55.8869936034,-54.0703624733,53.4179104478,-294.81663113,45.4243070362,-294.81663113,45.4243070362,45.6253692537,1.27167156424e+12,0.133018569253
26,AL06,HU3,155142.857143,984.554945055,10.5824175824,8.85164835165,28.789010989,182.384615385,18.4835164835,26.4395604396,29.1538461538,19.9559046154,1010.53846154,441714.285714,1011.38461538,273.521978022,77.2472527473,185.225274725,70.5384615385,105.230769231,52.5494505495,-49.5824175824,49.4010989011,-290.873626374,42.9615384615,-290.873626374,42.9615384615,55.7832546154,1.64240486923e+12,0.16263339538
27,AL06,HU4,134194.244604,995.172661871,7.58992805755,11.4964028777,28.6510791367,129.633093525,38.5251798561,51.0215827338,23.2661870504,15.3963096403,1009.74100719,298244.604317,1011.6618705,279.438848921,74.0215827338,187.410071942,69.4964028777,102.28057554,57.4892086331,-54.1294964029,55.8633093525,-299.568345324,47.0215827338,-299.568345324,47.0215827338,59.16106,1.17629779538e+12,0.17248122449
28,AL06,HU5,123729.166667,1002.93229167,6.96354166667,14.6354166667,28.1994791667,89.0104166667,48.5677083333,44.6145833333,16.0833333333,11.8563265625,1009.79166667,293135.416667,1011.640625,270.59375,78.359375,186.0625,69.4635416667,99.5625,61.8072916667,-58.078125,61.4114583333,-309.984375,51.5104166667,-309.984375,51.5104166667,73.1073153125,1.42416676344e+12,0.213140860969
29,AL06,TS,154553.580763,1002.84161004,12.382122321,10.1657083116,25.2668060638,93.6199686357,5.12232096184,27.9858860429,17.5284892838,15.4018563576,1011.59435442,326352.848928,1013.07893361,266.1108207,77.037637219,180.429691584,70.696288552,96.941975954,58.7260846837,-56.2953476215,53.092002091,-305.941453215,42.7412441192,-305.941453215,42.7412441192,23.8209354522,5.24768198163e+11,0.0694487914057
30,AL07,HU1,145256.926952,994.047858942,11.4483627204,8.64483627204,27.6088161209,130.274559194,54.0780856423,35.3828715365,23.4156171285,16.425924796,1009.92443325,368647.355164,1010.86649874,268.468513854,76.717884131,181.274559194,71.9143576826,97.8211586902,61.2040302267,-55.6196473552,58.4861460957,-302.385390428,46.5768261965,-302.385390428,46.5768261965,37.5207204534,9.22562662247e+11,0.109389855549
31,AL07,HU2,141191.24424,989.278801843,14.801843318,10.797235023,27.4200460829,151.269585253,32.2304147465,46.3110599078,29.6612903226,17.8016589677,1008.28571429,397382.488479,1009.80414747,273.624423963,76.8548387097,186.301843318,74.202764977,102.039170507,61.6175115207,-50.0299539171,57.5437788018,-292.705069124,46.6912442396,-292.705069124,46.6912442396,46.9993193548,1.24677478991e+12,0.137024254679
32,AL07,HU3,140640.0,993.265,11.49,11.835,28.6305,131.655,46.57,45.895,26.62,16.07123056,1007.91,388000.0,1009.035,270.7,79.35,186.23,73.585,102.225,63.98,-53.07,60.675,-298.105,48.99,-298.105,48.99,53.759398,1.38996166769e+12,0.156732938776
33,AL07,HU4,142453.488372,994.848837209,14.0348837209,10.7906976744,26.9209302326,117.755813953,53.3604651163,45.9302325581,25.7790697674,16.1690945581,1006.3255814,344639.534884,1008.13953488,284.651162791,74.0697674419,189.11627907,74.1046511628,104.488372093,64.3023255814,-54.5581395349,63.976744186,-296.88372093,49.7558139535,-296.88372093,49.7558139535,62.9595709302,1.44567338067e+12,0.18355560038
34,AL07,TS,164413.375796,1000.24076433,11.8280254777,9.37961783439,27.5971974522,111.752229299,39.252866242,27.0305732484,18.9375796178,15.7144620076,1010.3566879,360688.535032,1012.11401274,267.730573248,75.3878980892,178.571974522,71.1942675159,94.6133757962,59.0573248408,-59.3598726115,56.8178343949,-308.954140127,45.0917197452,-308.954140127,45.0917197452,23.8905172229,5.75910992426e+11,0.0696516537112
35,AL08,HU1,147440.518257,999.750294464,22.0518256773,15.2826855124,25.418138987,102.650176678,-31.2096584217,18.1342756184,12.9870435807,18.4503007727,1012.89281508,314102.473498,1014.87396938,232.037691402,79.7526501767,151.96819788,67.6478209658,74.976442874,53.7008244994,-74.4087161366,46.418138987,-330.851590106,39.851590106,-330.851590106,39.851590106,36.6957934511,7.6921395832e+11,0.106984820557
36,AL08,HU2,141131.805158,997.676217765,24.8452722063,15.9799426934,25.9028653295,109.578796562,-21.994269341,25.4871060172,15.3151862464,19.7655575817,1012.02292264,320504.297994,1014.66475645,232.876790831,79.2148997135,152.871060172,66.6332378223,75.1547277937,52.5902578797,-75.9255014327,45.9512893983,-330.452722063,40.1203438395,-330.452722063,40.1203438395,46.0493712321,9.82875971408e+11,0.134254726624
37,AL08,HU3,142462.184874,1004.78151261,17.2268907563,8.0756302521,27.9277310924,95.9579831933,-41.1260504202,24.1764705882,16.487394958,16.8599294118,1014.0,188369.747899,1018.09243697,252.588235294,78.5714285714,167.168067227,69.6470588235,85.8319327731,54.4201680672,-70.218487395,46.7058823529,-323.168067227,44.9327731092,-323.168067227,44.9327731092,53.4546223529,6.72337959451e+11,0.155844380038
38,AL08,TS,170587.939698,1004.5879397,16.7281407035,12.3542713568,27.6358291457,87.5648241206,-9.35728643216,19.9497487437,15.1095477387,15.8187652281,1012.20603015,284950.753769,1014.21155779,259.413567839,77.1442211055,175.036683417,66.6462311558,94.2095477387,52.9256281407,-60.8572864322,48.4939698492,-312.569849246,42.1954773869,-312.569849246,42.1954773869,23.5778216181,4.47698639461e+11,0.0687400047175
39,AL09,HU1,154876.304024,998.348733234,18.3979135618,11.2518628912,26.5430700447,111.108792846,23.8464977645,34.9880774963,20.4292101341,18.6349863845,1010.11624441,332496.274218,1012.36661699,254.655737705,80.172876304,175.810730253,69.4932935917,93.7242921013,55.9955290611,-57.8986587183,49.2473919523,-308.940387481,43.1430700447,-308.940387481,43.1430700447,38.9283071535,8.6071566861e+11,0.113493606862
40,AL09,HU2,142194.86692,979.358365019,13.5741444867,9.536121673,27.9883079848,191.158745247,52.575095057,34.2994296578,34.4106463878,19.8256546084,1007.6026616,418546.577947,1008.89258555,276.239543726,76.9676806084,187.199619772,74.3022813688,103.52661597,62.7975285171,-44.4648288973,60.1093155894,-286.073193916,47.4619771863,-286.073193916,47.4619771863,45.8989675285,1.28141659503e+12,0.133816231862
41,AL09,HU3,144938.77551,987.87755102,13.693877551,9.91836734694,27.6602040816,165.428571429,79.8469387755,57.6734693878,36.4795918367,19.3178971429,1007.55102041,421479.591837,1009.0,279.224489796,74.4693877551,182.448979592,75.7551020408,98.2551020408,61.3163265306,-52.6734693878,63.1020408163,-291.969387755,51.7653061224,-291.969387755,51.7653061224,52.73051,1.48247362476e+12,0.153733265306
42,AL09,TS,181658.914729,996.994832041,24.7416020672,19.1240310078,22.5036175711,86.0490956072,82.2919896641,40.7338501292,12.9715762274,18.7020998346,1005.48320413,354925.064599,1007.54780362,217.387596899,83.5271317829,141.167958656,73.3824289406,59.3901808786,58.4573643411,-98.0620155039,46.9250645995,-360.354005168,40.6279069767,-360.354005168,40.6279069767,28.3874718863,6.67757174084e+11,0.0827623087064
43,AL10,HU1,157656.565657,1007.8989899,29.4848484848,21.2222222222,24.898989899,84.1313131313,-21.4747474747,61.6666666667,15.3131313131,20.447849899,1014.0,175919.191919,1019.04040404,218.747474747,81.8888888889,144.848484848,68.9898989899,62.2525252525,59.0,-90.9393939394,51.9090909091,-344.02020202,47.7171717172,-344.02020202,47.7171717172,35.3095654545,4.11596771232e+11,0.102943339518
44,AL10,TS,171354.243542,1004.07380074,26.1439114391,14.3542435424,24.4291512915,96.221402214,-5.28044280443,42.2398523985,16.3025830258,18.8294097269,1013.12177122,273583.02583,1015.57564576,229.007380074,80.6715867159,154.273062731,68.0701107011,74.4391143911,56.7527675277,-78.2140221402,47.9520295203,-333.52398524,41.9409594096,-333.52398524,41.9409594096,24.2415124723,4.34601405319e+11,0.0706749634762
45,AL11,HU1,158311.608961,995.00610998,26.1710794297,16.4317718941,22.7197556008,132.352342159,64.7026476578,96.1934826884,27.2892057026,21.5898840407,1011.45824847,370936.863544,1012.42566191,224.061099796,80.7983706721,148.566191446,76.1303462322,73.0692464358,62.7393075356,-76.8778004073,57.2708757637,-328.802443992,48.3604887984,-328.802443992,48.3604887984,35.6548458656,8.82342357578e+11,0.103949987946
46,AL11,HU2,153305.555556,1001.5462963,17.7314814815,9.62962962963,26.4240740741,90.6759259259,87.6481481481,85.2685185185,28.8240740741,15.8477332222,1008.09259259,330555.555556,1009.89814815,259.546296296,77.7962962963,171.018518519,80.8148148148,90.7777777778,74.7962962963,-55.1388888889,68.9444444444,-305.796296296,48.1388888889,-305.796296296,48.1388888889,44.5851466667,9.83694729716e+11,0.12998585034
47,AL11,TS,161116.37931,999.837643678,21.525862069,13.3275862069,26.894683908,110.300287356,70.3620689655,76.1724137931,25.9468390805,18.1422815805,1011.71264368,371142.241379,1012.32183908,250.956896552,78.5732758621,165.728448276,76.5272988506,85.9554597701,65.1594827586,-63.6135057471,59.3591954023,-315.583333333,45.9885057471,-315.583333333,45.9885057471,26.5389537644,6.56636272324e+11,0.0773730430448
48,AL12,HU1,145920.825336,983.101247601,14.5124760077,12.0916506718,27.5080134357,184.266314779,29.7850287908,45.5873320537,30.0311900192,21.1573734894,1010.07197697,422851.727447,1011.40067179,262.547984645,77.6084452975,176.51487524,70.4443378119,92.8670825336,56.3723608445,-57.5930902111,52.9702495202,-299.726487524,44.6252399232,-299.726487524,44.6252399232,36.788670499,1.03851868461e+12,0.107255599123
49,AL12,HU2,145940.754039,985.885098743,11.7127468582,9.79533213645,27.9296229803,173.66427289,45.4667863555,31.8061041293,29.6660682226,19.0621359354,1010.3016158,409403.949731,1012.00897666,270.657091562,76.5188509874,180.39497307,72.6696588869,98.2980251346,54.2208258528,-54.4452423698,50.1238779174,-297.016157989,44.6912028725,-297.016157989,44.6912028725,45.6349695512,1.24493169792e+12,0.133046558458
50,AL12,HU3,149345.493562,986.055793991,14.0772532189,10.7467811159,27.9193133047,169.373390558,52.3905579399,37.9442060086,32.3712446352,19.6140054678,1008.88412017,408881.974249,1010.4248927,269.991416309,76.9763948498,180.759656652,74.8819742489,98.4442060086,57.1888412017,-54.3283261803,52.0300429185,-296.995708155,45.4892703863,-296.995708155,45.4892703863,53.6633537339,1.46450799243e+12,0.156452926338
51,AL12,HU4,147993.220339,984.406779661,13.4237288136,10.4474576271,28.3983050847,172.328813559,49.9627118644,37.4542372881,31.6576271186,19.341350522,1008.81355932,419427.118644,1010.15254237,271.006779661,77.8440677966,183.525423729,74.3491525424,101.711864407,56.5016949153,-53.0169491525,51.3593220339,-295.044067797,45.993220339,-295.044067797,45.993220339,61.6024891525,1.72360945379e+12,0.179599093739
52,AL12,HU5,151292.307692,979.161538462,9.60769230769,8.26153846154,29.1853846154,178.215384615,52.2692307692,37.4846153846,35.9692307692,18.9315392,1006.03076923,420400.0,1006.16153846,288.530769231,72.8923076923,192.738461538,75.1307692308,106.961538462,63.9384615385,-49.6307692308,62.3307692308,-286.353846154,49.8153846154,-286.353846154,49.8153846154,74.7130978462,2.09428041861e+12,0.2178224427
53,AL12,TS,165239.385727,990.171032821,20.0054200542,11.4727491719,27.643902439,156.225534478,18.2676904547,40.0042155977,26.8843721771,22.2084591834,1011.31044866,385401.686239,1011.83890394,260.89701897,78.3206865402,175.228846733,70.8678109003,92.5501355014,56.7259861488,-60.1240590184,54.6184884071,-300.335140018,45.8774465522,-300.335140018,45.8774465522,26.4889864499,6.85220715967e+11,0.077227365743
54,AL13,TS,156902.439024,1007.82926829,14.1951219512,16.0975609756,28.5804878049,69.6097560976,-37.7804878049,14.0,17.3170731707,14.1785785366,1013.80487805,235536.585366,1014.90243902,262.317073171,77.2195121951,175.87804878,69.6097560976,91.3902439024,60.4634146341,-66.3414634146,59.8292682927,-315.926829268,44.9512195122,-315.926829268,44.9512195122,18.2564882927,2.86294359707e+11,0.0532259133897
55,AL14,HU1,156698.187549,993.944838455,26.2379826635,15.9472025217,25.7657998424,139.715524035,30.8329393223,54.0299448385,24.0189125296,22.6055369015,1011.30969267,352979.511426,1013.91568164,237.403467297,77.5524034673,153.567375887,71.56107171,79.4444444444,50.7218282112,-71.0047281324,43.9275019701,-325.958234831,43.0055161545,-325.958234831,43.0055161545,34.9388149251,8.22173130868e+11,0.101862434184
56,AL14,HU2,171266.666667,1002.4,13.6666666667,10.6,28.1,105.933333333,-9.73333333333,46.8,19.0666666667,18.0398362667,1013.86666667,258600.0,1016.06666667,261.266666667,78.5333333333,175.066666667,73.2666666667,90.0,62.8,-65.8,60.3333333333,-310.133333333,47.6,-310.133333333,47.6,43.72774,7.538662376e+11,0.127486122449
57,AL14,TS,161875.103849,990.812240377,19.7939628912,11.0036001108,25.801218499,152.190252008,73.4394904459,27.6510661867,20.4735530324,19.6446090169,1010.52340072,414482.414844,1011.79368596,241.926613127,76.9335364165,154.502076987,72.6352810856,79.3375796178,49.6020492938,-71.5635558017,40.5217391304,-326.861257269,38.2201606203,-326.861257269,38.2201606203,25.9145288286,7.14830409236e+11,0.0755525621824
58,AL15,HU1,171678.278689,1001.1352459,23.4221311475,13.5881147541,27.8721311475,105.94057377,15.7192622951,31.9016393443,20.5286885246,19.7944979262,1013.02459016,387893.442623,1013.54098361,254.055327869,75.737704918,166.532786885,68.0737704918,89.987704918,50.1782786885,-61.1024590164,45.6536885246,-308.31557377,41.118852459,-308.31557377,41.118852459,36.611967459,9.4576488344e+11,0.10674042991
59,AL15,HU2,130379.310345,996.448275862,20.7586206897,19.6206896552,28.8137931034,128.344827586,28.4137931034,68.8275862069,37.5172413793,20.1697526897,1011.03448276,382827.586207,1011.68965517,261.965517241,74.724137931,170.620689655,71.0344827586,91.3793103448,57.5172413793,-58.0689655172,47.2068965517,-305.137931034,47.6896551724,-305.137931034,47.6896551724,46.29996,1.18166012855e+12,0.134985306122
60,AL15,HU4,138870.967742,996.806451613,19.8709677419,18.3225806452,29.0032258065,122.548387097,41.5161290323,87.5161290323,35.5483870968,18.6195538065,1008.58064516,383548.387097,1009.48387097,264.935483871,75.8064516129,174.483870968,73.7741935484,91.1612903226,64.4838709677,-58.5483870968,51.7419354839,-304.290322581,50.8709677419,-304.290322581,50.8709677419,59.16106,1.5127419428e+12,0.17248122449
61,AL15,TS,185654.98155,1002.05166052,26.4151291513,13.6900369004,26.565498155,99.5608856089,15.0645756458,31.9612546125,18.0959409594,21.0542376531,1011.2804428,354784.132841,1012.65129151,250.236162362,77.6531365314,166.760147601,66.4354243542,87.7933579336,51.6900369004,-62.6420664207,47.2564575646,-312.378228782,41.4372693727,-312.378228782,41.4372693727,24.5879553875,5.82427173466e+11,0.0716850011296
62,AL16,HU1,151058.282209,993.849693252,19.023006135,12.5966257669,24.7642638037,136.345092025,32.2622699387,45.0812883436,20.7561349693,21.1908320675,1011.06134969,386470.858896,1012.43711656,247.291411043,76.3358895706,167.941717791,68.523006135,87.3788343558,52.1963190184,-63.9877300613,42.9325153374,-315.713190184,40.2653374233,-315.713190184,40.2653374233,35.9913543865,9.29011169677e+11,0.104931062351
63,AL16,HU2,150875.0,995.327380952,21.3571428571,17.1785714286,25.9089285714,121.351190476,-1.46428571429,53.6904761905,21.1547619048,19.5029395,1012.67857143,353660.714286,1012.92261905,246.238095238,79.3214285714,165.577380952,70.2321428571,83.0476190476,56.0297619048,-68.9583333333,54.5714285714,-317.81547619,45.8928571429,-317.81547619,45.8928571429,46.3458925,1.09194923961e+12,0.135119220117
64,AL16,HU3,151200.501253,993.546365915,18.3884711779,18.4185463659,27.2957393484,125.766917293,-7.24561403509,65.8245614035,22.6817042607,19.1298386667,1013.57393484,386087.719298,1012.51378446,255.827067669,77.7593984962,168.20802005,71.3558897243,84.8897243108,58.343358396,-67.4987468672,58.8446115288,-316.323308271,49.35839599,-316.323308271,49.35839599,54.51946,1.40444673244e+12,0.158948862974
65,AL16,HU4,143649.122807,989.789473684,17.2105263158,22.2631578947,27.4438596491,139.578947368,10.0526315789,84.5614035088,27.8245614035,20.198696,1013.85964912,371087.719298,1012.70175439,255.754385965,78.0701754386,167.807017544,72.1754385965,83.9473684211,59.9298245614,-69.7192982456,62.2280701754,-315.087719298,52.4912280702,-315.087719298,52.4912280702,61.73328,1.52723080533e+12,0.179980408163
66,AL16,TS,176584.003786,1002.54566966,22.8064363464,12.1306199716,25.8594888784,97.5125414103,55.2035021297,47.9905347847,18.2456223379,18.3076815069,1010.45527686,336886.417416,1012.39185991,250.113109323,77.2957879792,165.770941789,73.6123994321,86.1661145291,58.2427827733,-64.4898248935,50.4212020823,-316.699006152,42.476573592,-316.699006152,42.476573592,24.2662723521,5.47645318181e+11,0.0707471497146
67,AL17,HU1,162153.479504,993.729265968,27.4089609152,17.2612011439,27.0979027645,124.072449952,49.4327931363,72.3241182078,28.5471877979,22.4884118818,1009.05624404,396640.610105,1009.47187798,249.073403241,75.3612964728,157.136320305,74.695900858,81.4623450906,56.2144899905,-67.1048617731,51.4165872259,-316.242135367,46.0190657769,-316.242135367,46.0190657769,37.759404938,9.99201131957e+11,0.110085728682
68,AL17,HU2,135755.555556,996.688888889,20.4888888889,5.86666666667,26.5911111111,110.2,29.8,74.1333333333,23.8222222222,17.9026512,1009.6,387711.111111,1009.84444444,257.288888889,77.3555555556,170.288888889,72.2222222222,89.8444444444,62.2222222222,-53.8222222222,46.1333333333,-310.711111111,42.3111111111,-310.711111111,42.3111111111,46.29996,1.19673392907e+12,0.134985306122
69,AL17,HU3,147061.728395,999.456790123,14.0,5.30864197531,27.8864197531,104.259259259,30.0617283951,69.5925925926,29.987654321,15.8842523951,1010.12345679,363851.851852,1010.77777778,254.419753086,79.9259259259,172.12345679,74.5802469136,91.5679012346,64.0,-54.9012345679,51.049382716,-309.160493827,45.9135802469,-309.160493827,45.9135802469,54.3659338272,1.31910639582e+12,0.158501264802
70,AL17,HU4,136806.818182,997.147727273,16.3636363636,7.14772727273,27.2840909091,112.931818182,29.0454545455,75.2613636364,27.4431818182,17.6021691364,1009.77272727,372568.181818,1010.52272727,254.795454545,77.9886363636,169.397727273,73.3636363636,88.7954545455,63.3295454545,-56.2613636364,48.5227272727,-311.579545455,44.3181818182,-311.579545455,44.3181818182,64.3055,1.59721221439e+12,0.187479591837
71,AL17,TS,177498.704663,1002.38212435,22.4054404145,9.84067357513,27.9200777202,93.0090673575,30.2823834197,37.9611398964,20.9650259067,17.9149125596,1009.91709845,348818.65285,1011.4365285,256.378238342,75.4909326425,164.411917098,74.1761658031,85.4792746114,58.3406735751,-63.7461139896,50.1955958549,-315.865284974,44.4468911917,-315.865284974,44.4468911917,28.1144978756,6.51645059744e+11,0.0819664661098
72,AL18,HU1,181468.916519,971.513321492,31.201598579,11.2193605684,26.6780639432,210.471580817,191.412966252,79.0257548845,38.2264653641,26.3759916199,996.397868561,433328.596803,999.523090586,246.038188277,74.8632326821,148.743339254,83.6944937833,81.8152753108,59.1065719361,-65.0248667851,47.663410302,-301.665186501,40.2087033748,-301.665186501,40.2087033748,35.7917788277,1.03003994032e+12,0.10434920941
73,AL18,HU2,159252.336449,993.753894081,21.4890965732,10.2959501558,26.4570093458,133.716510903,119.255451713,107.632398754,38.3457943925,19.5793219564,1005.69470405,362841.121495,1007.99376947,263.909657321,76.1557632399,172.112149533,79.7258566978,94.8785046729,65.8224299065,-52.9626168224,58.6884735202,-298.890965732,49.1651090343,-298.890965732,49.1651090343,45.8271843614,1.10634360748e+12,0.133606951491
74,AL18,HU3,130470.355731,985.90513834,14.4229249012,8.23320158103,26.6806324111,157.146245059,39.0909090909,61.3754940711,29.6798418972,18.2536118103,1007.48616601,365213.438735,1009.68379447,279.316205534,69.442687747,186.889328063,71.2055335968,100.375494071,59.2608695652,-47.0869565217,41.023715415,-296.490118577,41.2055335968,-296.490118577,41.2055335968,53.4371079842,1.3057585074e+12,0.155793317738
75,AL18,HU4,141839.82684,983.865800866,12.0173160173,9.70562770563,29.0367965368,172.173160173,46.8441558442,32.0216450216,28.0649350649,18.6469247273,1006.3030303,408952.380952,1008.85714286,280.285714286,72.3722943723,189.480519481,71.3073593074,102.155844156,58.2337662338,-44.9567099567,45.3722943723,-293.467532468,41.4069264069,-293.467532468,41.4069264069,61.1653872727,1.66598940566e+12,0.178324744235
76,AL18,HU5,149051.948052,990.642857143,9.94805194805,9.17532467532,29.5941558442,153.714285714,60.8571428571,26.6168831169,24.2662337662,17.6514421818,1007.20779221,399370.12987,1010.05194805,277.24025974,74.6493506494,185.746753247,71.9545454545,101.746753247,56.6168831169,-47.7402597403,49.4805194805,-295.922077922,41.8701298701,-295.922077922,41.8701298701,75.9807063636,2.02336058721e+12,0.221518094355
77,AL18,TS,163452.873563,1001.57471264,17.1954022989,7.05057471264,28.3255172414,83.5172413793,58.4804597701,62.2528735632,20.8781609195,15.8685277977,1007.37931034,337427.586207,1008.68505747,265.296551724,77.4482758621,177.383908046,76.2298850575,94.1724137931,67.4344827586,-53.7172413793,58.1609195402,-303.514942529,48.2298850575,-303.514942529,48.2298850575,26.4376910805,5.94306207718e+11,0.0770778165611
78,AL19,TS,211360.97561,998.370731707,27.5609756098,15.6195121951,24.7963414634,100.970731707,109.904878049,6.07317073171,12.4073170732,19.2602814634,1006.46829268,415436.585366,1007.94146341,229.343902439,77.4707317073,139.580487805,76.956097561,62.0902439024,51.7097560976,-93.2536585366,46.6365853659,-357.2,39.5585365854,-357.2,39.5585365854,25.8915900976,7.17536871515e+11,0.0754856854156
79,AL20,HU1,133000.0,1003.0,7.7972972973,6.77027027027,27.4351351351,65.9189189189,100.256756757,44.2162162162,26.1891891892,12.1102898378,1009.72972973,296202.702703,1009.87837838,266.256756757,84.2297297297,183.27027027,82.7027027027,100.081081081,80.1081081081,-46.5810810811,73.9324324324,-294.148648649,53.3243243243,-294.148648649,53.3243243243,34.7597297297,6.84609098234e+11,0.101340319912
80,AL20,TS,157783.783784,1004.79054054,6.37162162162,8.13513513514,27.6966216216,62.5135135135,80.8716216216,44.1621621622,19.7972972973,11.4637588649,1008.86486486,289412.162162,1010.18918919,278.432432432,76.7162162162,187.837837838,78.7297297297,100.716216216,76.9932432432,-47.5743243243,72.3445945946,-294.986486486,50.8648648649,-294.986486486,50.8648648649,23.1847397297,4.46419208919e+11,0.0675939933811
81,AL21,HU1,160959.459459,998.986486486,16.0765765766,11.1531531532,26.1788288288,106.648648649,81.8693693694,107.211711712,28.2567567568,18.9000237117,1008.5045045,401689.189189,1009.58558559,249.252252252,75.6666666667,158.707207207,78.3693693694,95.5990990991,56.6666666667,-49.0630630631,51.0495495495,-295.554054054,43.8783783784,-295.554054054,43.8783783784,35.3158854054,9.45121685982e+11,0.10296176503
82,AL21,TS,180351.020408,1001.15714286,15.6408163265,9.58571428571,27.6714285714,91.1142857143,79.7897959184,102.048979592,28.0693877551,16.9073595429,1007.74693878,369234.693878,1008.80408163,258.079591837,76.8632653061,168.353061224,79.4142857143,95.3693877551,66.9326530612,-50.2857142857,61.693877551,-296.667346939,49.493877551,-296.667346939,49.493877551,26.2838888571,6.57972826114e+11,0.0766294135777
83,AL22,TS,189800.0,1004.9,26.25,13.75,24.65,90.35,50.2,63.55,26.3,18.4685396,1009.4,362000.0,1011.95,257.5,76.85,171.4,77.85,91.35,70.55,-62.0,66.05,-316.6,53.65,-316.6,53.65,20.320538,4.974930702e+11,0.0592435510204
84,AL24,HU1,230555.555556,1004.77777778,18.0,8.66666666667,22.8,85.0,86.7777777778,-10.6666666667,3.22222222222,11.4320888889,1008.66666667,363444.444444,1011.33333333,214.444444444,81.6666666667,131.666666667,72.1111111111,49.4444444444,57.0,-113.666666667,31.5555555556,-387.888888889,29.0,-387.888888889,29.0,33.43886,8.10211193037e+11,0.0974893877551
85,AL24,TS,222629.62963,1005.0,21.0740740741,11.1851851852,22.7,84.1481481481,81.7037037037,13.962962963,5.03703703704,13.1278487407,1008.66666667,353481.481481,1011.85185185,212.444444444,81.0,130.333333333,72.0740740741,46.6666666667,57.8148148148,-115.111111111,30.3703703704,-386.333333333,33.1111111111,-386.333333333,33.1111111111,28.6754896296,6.75395109235e+11,0.083602010582
86,AL25,HU1,169618.421053,982.013157895,43.6315789474,25.1842105263,24.2355263158,181.776315789,151.578947368,99.0789473684,40.9078947368,32.227209,1004.0,443013.157895,1004.60526316,206.342105263,78.8684210526,125.368421053,77.8947368421,70.2368421053,59.5263157895,-65.4473684211,48.4078947368,-297.276315789,40.3026315789,-297.276315789,40.3026315789,37.77102,1.117812353e+12,0.110119591837
87,AL25,HU2,165621.359223,977.692556634,20.0355987055,15.8899676375,25.6258899676,198.915857605,115.203883495,62.3462783172,37.0873786408,24.2221545502,1002.66019417,443336.569579,1004.7184466,248.779935275,77.8899676375,166.181229773,73.4401294498,93.1747572816,58.7346278317,-50.644012945,44.359223301,-294.181229773,42.0517799353,-294.181229773,42.0517799353,45.4092559871,1.34284146363e+12,0.13238850142
88,AL25,HU3,157262.536873,975.135693215,25.0855457227,22.5309734513,25.5339233038,207.345132743,140.837758112,84.790560472,41.3864306785,26.1000659469,1001.92920354,448165.19174,1004.77876106,234.643067847,76.4778761062,155.171091445,70.9793510324,87.592920354,55.8731563422,-55.3805309735,42.2654867257,-292.884955752,40.4867256637,-292.884955752,40.4867256637,54.1228473746,1.61715901368e+12,0.157792557944
89,AL25,HU4,147824.786325,981.388888889,5.25641025641,5.03846153846,27.144017094,191.88034188,76.5854700855,62.547008547,44.6324786325,18.5133885641,1005.8974359,416726.495726,1007.74786325,268.175213675,80.3888888889,185.273504274,76.3333333333,101.427350427,68.7051282051,-44.9401709402,54.7179487179,-289.974358974,49.594017094,-289.974358974,49.594017094,65.3277925641,1.81298859515e+12,0.19046003663
90,AL25,HU5,157189.873418,986.987341772,4.22784810127,7.21518987342,29.3924050633,171.544303797,84.1265822785,102.810126582,49.2405063291,16.2798734177,1006.15189873,397506.329114,1008.2278481,268.784810127,79.7215189873,184.569620253,78.7848101266,101.379746835,76.4683544304,-46.835443038,63.5696202532,-292.759493671,52.7088607595,-292.759493671,52.7088607595,75.4734931646,2.00364650621e+12,0.220039338672
91,AL25,TS,177800.0,1001.2,8.26666666667,6.6,28.68,93.6,60.9333333333,72.4,28.5333333333,11.832212,1007.46666667,354200.0,1008.53333333,267.0,78.3333333333,179.866666667,76.9333333333,98.9333333333,71.9333333333,-47.8,60.8,-301.066666667,49.3333333333,-301.066666667,49.3333333333,29.837752,7.06846056e+11,0.0869905306122
92,AL27,HU1,144138.888889,1001.63888889,11.9444444444,4.83333333333,28.8944444444,105.388888889,88.25,89.5555555556,31.25,14.2472407778,1009.94444444,368361.111111,1011.33333333,259.722222222,78.7222222222,173.416666667,80.25,91.9722222222,80.1944444444,-50.4722222222,69.9722222222,-303.5,52.7777777778,-303.5,52.7777777778,37.6544427778,9.24932205037e+11,0.109779716553
93,AL27,HU2,128058.823529,1000.17647059,14.1764705882,6.23529411765,26.0470588235,112.647058824,97.0588235294,86.2352941176,32.0588235294,14.0412950588,1009.29411765,293823.529412,1010.94117647,259.117647059,78.7058823529,173.058823529,79.8235294118,94.2352941176,77.2352941176,-48.4117647059,65.7647058824,-301.058823529,52.1176470588,-301.058823529,52.1176470588,46.29996,9.06934510588e+11,0.134985306122
94,AL27,HU3,130562.5,1001.625,14.375,5.75,26.4875,108.0,97.0625,77.3125,31.4375,14.17936275,1009.5,268500.0,1011.0625,256.0,80.1875,172.75,80.4375,94.875,78.25,-46.875,65.625,-303.4375,52.0625,-303.4375,52.0625,51.4444,9.2085476e+11,0.149983673469
95,AL27,TS,137583.333333,1000.83333333,10.5833333333,5.16666666667,28.65,105.333333333,75.75,96.4166666667,29.6666666667,13.504155,1009.33333333,372500.0,1010.83333333,264.083333333,77.4166666667,174.666666667,80.5833333333,91.4166666667,82.3333333333,-51.75,71.5,-302.333333333,53.75,-302.333333333,53.75,28.937475,7.18406755889e+11,0.0843658163265
96,AL28,TS,152333.333333,1007.11111111,28.6666666667,4.77777777778,23.0777777778,79.8888888889,66.0,40.7777777778,31.8888888889,18.5771444444,1011.77777778,194111.111111,1012.11111111,245.111111111,80.6666666667,162.333333333,77.3333333333,87.8888888889,66.5555555556,-50.7777777778,61.1111111111,-306.666666667,40.6666666667,-306.666666667,40.6666666667,20.2919577778,2.61223231111e+11,0.0591602267574
97,AL29,TS,206403.940887,995.44137931,46.084729064,10.3931034483,25.0649261084,120.717241379,168.967487685,0.619704433498,14.160591133,27.0562065103,1005.32216749,426601.970443,1006.1182266,234.112315271,76.5399014778,139.243349754,79.1438423645,60.3615763547,57.9615763547,-86.5911330049,42.0177339901,-360.040394089,39.5162561576,-360.040394089,39.5162561576,26.0567153103,7.43374958943e+11,0.0759671000302
98,AL30,HU1,199067.307692,1001.84807692,26.2663461538,11.6567307692,21.4295192308,92.9634615385,42.8326923077,1.48269230769,7.74903846154,16.1807477731,1009.97307692,383830.769231,1011.55673077,195.881730769,79.9605769231,112.025961538,71.1605769231,32.7673076923,45.5567307692,-137.965384615,33.4096153846,-420.547115385,37.0028846154,-420.547115385,37.0028846154,34.5543130962,8.83892453258e+11,0.100741437598
99,AL30,TS,213324.050633,1001.46835443,29.1189873418,9.80506329114,23.3886075949,91.582278481,98.5924050633,-30.7012658228,7.14936708861,16.8203652152,1007.74177215,391212.658228,1009.41518987,216.141772152,76.0962025316,123.779746835,70.8278481013,42.2075949367,45.7392405063,-123.898734177,36.6987341772,-399.916455696,37.1063291139,-399.916455696,37.1063291139,26.6403848608,6.98173875963e+11,0.077668760527
100,AL31,TS,192875.555556,1010.16888889,44.1644444444,8.37777777778,23.8546666667,68.84,-3.87555555556,-20.44,7.83555555556,23.8519102578,1013.41333333,249435.555556,1016.32,212.951111111,76.9955555556,125.048888889,67.4666666667,43.4622222222,48.4222222222,-111.648888889,26.32,-393.266666667,35.0044444444,-393.266666667,35.0044444444,23.1614120889,3.77399166957e+11,0.0675259827664
101,CP01,HU1,142382.352941,1001.55882353,9.08823529412,10.2058823529,27.65,99.2941176471,60.7941176471,73.4705882353,16.7058823529,14.14721,1008.23529412,300000.0,1010.35294118,264.941176471,77.8529411765,176.088235294,76.4117647059,101.911764706,53.7058823529,-51.5588235294,54.5294117647,-302.058823529,51.2647058824,-302.058823529,51.2647058824,36.6163082353,7.31327538118e+11,0.106753085234
102,CP01,HU2,160249.230769,1001.96,11.04,6.84,27.8307692308,97.1538461538,6.46153846154,12.0523076923,15.0584615385,13.7079539692,1010.02461538,331926.153846,1011.45538462,264.867692308,77.8061538462,176.895384615,72.6830769231,101.301538462,51.5661538462,-51.3846153846,43.2369230769,-304.347692308,37.2584615385,-304.347692308,37.2584615385,46.29996,1.02454450974e+12,0.134985306122
103,CP01,HU3,159418.604651,1001.77906977,9.03488372093,7.90697674419,27.8244186047,96.7674418605,11.0581395349,14.0,14.6744186047,12.591914186,1009.60465116,336697.674419,1011.09302326,265.325581395,77.5465116279,176.837209302,73.0,100.941860465,52.2209302326,-51.0581395349,41.988372093,-303.325581395,38.2674418605,-303.325581395,38.2674418605,51.4444,1.15474732279e+12,0.149983673469
104,CP01,HU4,160122.119816,1002.26728111,9.06451612903,7.92396313364,27.9806451613,95.1797235023,-5.58294930876,6.77649769585,13.8778801843,12.7686423226,1010.12442396,328000.0,1011.83640553,264.467741935,77.7834101382,177.592165899,71.0299539171,100.988479263,51.2465437788,-51.7511520737,41.702764977,-302.430875576,37.2304147465,-302.430875576,37.2304147465,62.7467583871,1.37033933925e+12,0.182935155648
105,CP01,HU5,158081.920904,1001.65254237,10.1723163842,8.50847457627,28.2443502825,95.9830508475,-24.3389830508,-9.32485875706,13.9435028249,13.2011562034,1010.20338983,332285.310734,1011.86723164,264.064971751,77.7853107345,177.632768362,69.2853107345,99.7881355932,50.7485875706,-52.1638418079,40.9491525424,-300.497175141,35.2175141243,-300.497175141,35.2175141243,72.02216,1.59546038769e+12,0.209977142857
106,CP01,TS,212172.222222,1000.96111111,36.3611111111,10.8333333333,26.1455555556,60.7944444444,164.494444444,-5.52777777778,7.37222222222,20.1290505111,1003.91111111,347983.333333,1004.61111111,245.322222222,74.9666666667,148.855555556,75.65,65.2666666667,59.7777777778,-81.8,40.3444444444,-355.016666667,36.25,-355.016666667,36.25,20.5634698889,4.74053477281e+11,0.0599518072562
107,CP03,HU1,174447.368421,1004.02631579,12.9210526316,8.92105263158,27.7561403509,82.6315789474,9.27192982456,35.6666666667,15.201754386,14.0975706667,1009.42105263,319929.824561,1010.71052632,262.535087719,78.3333333333,177.666666667,71.5438596491,100.035087719,57.5438596491,-47.0614035088,47.5877192982,-302.315789474,40.7456140351,-302.315789474,40.7456140351,38.1545966667,8.15872082667e+11,0.111237891156
108,CP03,HU2,176112.903226,1003.33064516,17.1532258065,6.82258064516,27.6790322581,84.7661290323,-2.84677419355,27.9274193548,13.8629032258,15.4914023871,1009.48387097,344354.83871,1010.70967742,259.153225806,79.3306451613,175.717741935,70.5241935484,100.016129032,53.814516129,-47.0725806452,43.6612903226,-304.758064516,37.0564516129,-304.758064516,37.0564516129,45.3042619355,1.04029289158e+12,0.132082396313
109,CP03,HU3,174567.741935,1003.49677419,13.1935483871,6.02580645161,27.744516129,86.0516129032,-3.43225806452,32.7225806452,15.0064516129,14.6666324903,1009.75483871,349870.967742,1010.72258065,260.309677419,79.2451612903,177.15483871,69.5161290323,100.406451613,55.1870967742,-47.9677419355,46.9548387097,-302.509677419,39.2516129032,-302.509677419,39.2516129032,52.7222125161,1.23007985725e+12,0.153709074391
110,CP03,TS,180093.369418,1004.39377537,21.2584573748,9.17591339648,27.050744249,74.4194857916,-1.06224627876,14.2625169147,11.1028416779,15.4723035778,1010.53585927,355081.190798,1011.42760487,250.082543978,79.1420838972,167.772665765,70.451962111,93.3694181326,54.1096075778,-51.0798376184,39.1285520974,-316.158322057,32.3328822733,-316.158322057,32.3328822733,24.4517530447,5.79771658692e+11,0.0712879097512
111,EP01,HU1,120609.589041,998.315068493,6.84246575342,5.85616438356,28.2952054795,94.7602739726,10.801369863,20.6917808219,13.8767123288,11.7300279178,1008.15068493,314815.068493,1009.6369863,265.445205479,77.0068493151,197.51369863,61.3150684932,112.890410959,55.602739726,-45.6369863014,38.801369863,-298.04109589,35.6575342466,-298.04109589,35.6575342466,37.1738643836,7.86185535909e+11,0.108378613363
112,EP01,HU2,119156.25,997.0,5.8125,5.78125,29.340625,101.84375,12.0625,28.15625,21.0625,13.070092875,1008.6875,326000.0,1010.21875,266.6875,77.5625,188.96875,67.65625,105.625,62.1875,-47.21875,44.21875,-300.15625,41.40625,-300.15625,41.40625,46.29996,1.006252464e+12,0.134985306122
113,EP01,HU3,118660.714286,998.642857143,5.91071428571,5.25892857143,28.5705357143,94.6964285714,17.4732142857,25.3303571429,14.125,11.7862795,1008.78571429,331473.214286,1009.84821429,277.633928571,71.6071428571,201.830357143,60.7946428571,113.455357143,56.8392857143,-43.8125,38.1964285714,-298.258928571,36.0446428571,-298.258928571,36.0446428571,53.94772125,1.19426490408e+12,0.157281986152
114,EP01,HU4,117448.275862,998.146551724,6.93103448276,5.06896551724,28.6948275862,96.6551724138,20.224137931,29.0,14.7068965517,11.8721257586,1008.81034483,344310.344828,1009.94827586,271.646551724,75.3620689655,197.043103448,64.2068965517,112.517241379,58.5948275862,-45.6982758621,40.0086206897,-299.215517241,38.3534482759,-299.215517241,38.3534482759,61.73328,1.41702712828e+12,0.179980408163
115,EP01,TS,126338.308458,1000.96766169,8.85572139303,5.64179104478,27.6069651741,79.9004975124,12.6940298507,42.8756218905,17.7810945274,12.3850473433,1009.07462687,300768.656716,1009.85074627,269.656716418,74.57960199,197.039800995,61.0845771144,106.73880597,60.0373134328,-49.0820895522,49.5298507463,-299.365671642,38.6641791045,-299.365671642,38.6641791045,20.5521657711,4.14843205267e+11,0.0599188506447
116,EP02,HU1,138505.190311,1000.67128028,12.8166089965,8.0830449827,24.8598615917,94.6020761246,43.4117647059,52.124567474,17.6955017301,13.3168012595,1008.46366782,327380.622837,1009.62283737,257.373702422,78.6712802768,188.60899654,67.4602076125,104.214532872,67.5467128028,-47.9238754325,57.9757785467,-298.297577855,46.5813148789,-298.297577855,46.5813148789,34.6493164706,7.57397447672e+11,0.101018415366
117,EP02,HU2,122630.434783,994.108695652,11.1376811594,7.17391304348,25.6724637681,113.079710145,34.0652173913,47.5144927536,20.3550724638,14.6541982899,1008.92753623,383659.42029,1008.51449275,266.079710145,76.4420289855,197.275362319,60.6014492754,107.166666667,59.1884057971,-46.2101449275,50.6449275362,-298.202898551,46.5217391304,-298.202898551,46.5217391304,47.6606271014,1.21864700675e+12,0.138952265602
118,EP02,HU3,129068.965517,990.206896552,10.1379310345,6.34482758621,26.8344827586,125.172413793,44.4482758621,63.275862069,23.724137931,15.1317493793,1005.93103448,366275.862069,1005.82758621,274.482758621,72.6206896552,203.724137931,55.8965517241,108.75862069,58.8275862069,-47.2068965517,53.3793103448,-293.172413793,45.724137931,-293.172413793,45.724137931,51.4444,1.25618946391e+12,0.149983673469
119,EP02,TS,151226.530612,1001.96734694,15.3132653061,8.50102040816,27.5109183673,89.6918367347,40.7316326531,68.1142857143,23.0163265306,14.3729354286,1008.56530612,328978.571429,1009.57755102,263.813265306,77.3132653061,186.984693878,71.0612244898,101.655102041,72.006122449,-47.0357142857,65.0846938776,-297.009183673,49.7030612245,-297.009183673,49.7030612245,25.281248,5.55179740695e+11,0.0737062623907
120,EP03,HU1,148676.328502,1002.10628019,10.5217391304,9.5652173913,27.4130434783,80.5700483092,39.2995169082,71.7826086957,23.7777777778,13.2637083478,1007.87439614,310183.574879,1009.17391304,266.946859903,77.9178743961,189.149758454,71.2898550725,102.690821256,73.7439613527,-46.9033816425,72.7729468599,-293.821256039,52.5700483092,-293.821256039,52.5700483092,36.3093084058,7.52065766441e+11,0.105858041999
121,EP03,HU2,171516.853933,1001.76404494,9.98876404494,11.2808988764,27.3056179775,89.7078651685,61.0898876404,77.6179775281,29.5617977528,13.3177413034,1007.23595506,351865.168539,1008.53932584,268.280898876,78.4494382022,187.842696629,75.8764044944,102.528089888,78.9662921348,-43.797752809,73.6404494382,-288.820224719,53.2696629213,-288.820224719,53.2696629213,45.6930316854,1.07058108508e+12,0.133215835817
122,EP03,HU3,201573.529412,1001.16176471,10.0735294118,13.7941176471,26.9926470588,101.323529412,83.8235294118,62.6617647059,23.1911764706,13.5646778235,1006.11764706,369882.352941,1007.80882353,261.691176471,79.9264705882,187.279411765,77.4411764706,106.514705882,79.3676470588,-39.7352941176,71.75,-284.75,52.3529411765,-284.75,52.3529411765,53.4113917647,1.31709264208e+12,0.155718343337
123,EP03,TS,173709.677419,1004.30478309,12.6307007786,9.17352614016,26.8359288098,78.6062291435,53.3570634038,47.7185761958,15.6273637375,12.7111730501,1008.31813126,315126.807564,1010.00333704,254.991101224,79.4015572859,185.938820912,70.5494994438,102.506117909,75.4838709677,-45.6540600667,70.4938820912,-293.887652948,49.6529477197,-293.887652948,49.6529477197,22.4547080756,4.69504827355e+11,0.0654656212118
124,EP04,HU1,138762.264151,997.703773585,9.18679245283,12.2169811321,25.4620754717,117.586792453,-1.2358490566,7.42264150943,14.5981132075,13.6657680679,1008.40754717,329864.150943,1010.8490566,243.354716981,82.1886792453,182.703773585,69.1301886792,99.6358490566,65.2716981132,-48.0056603774,47.0660377358,-301.211320755,34.8018867925,-301.211320755,34.8018867925,37.2486575472,8.19287013366e+11,0.108596669234
125,EP04,HU2,130918.114144,995.039702233,9.61042183623,11.8387096774,25.6436724566,129.903225806,7.58560794045,12.841191067,15.3473945409,13.9844516625,1008.0942928,343049.627792,1010.4764268,244.955334988,81.9578163772,184.672456576,68.7220843672,102.054590571,67.8957816377,-46.1364764268,49.317617866,-300.265508685,37.5856079404,-300.265508685,37.5856079404,46.2680466005,1.05865554252e+12,0.134892264141
126,EP04,HU3,125135.514019,993.074766355,7.88785046729,11.9018691589,26.626635514,139.771028037,21.1401869159,25.4158878505,21.691588785,14.5510725794,1008.72897196,364359.813084,1010.64953271,252.317757009,79.9672897196,185.88317757,69.476635514,102.364485981,71.453271028,-45.3878504673,54.7242990654,-297.719626168,40.5887850467,-297.719626168,40.5887850467,52.6704114019,1.28039021609e+12,0.153558050734
127,EP04,HU4,118264.150943,991.562264151,8.45660377358,10.1169811321,28.120754717,132.275471698,8.44528301887,57.4188679245,27.5698113208,14.3753125283,1008.65660377,358720.754717,1010.06415094,267.475471698,78.4490566038,192.294339623,69.7056603774,104.041509434,70.0867924528,-49.1283018868,65.0113207547,-295.845283019,49.9735849057,-295.845283019,49.9735849057,61.9856487547,1.4825292489e+12,0.180716177127
128,EP04,HU5,123390.243902,991.081300813,7.43902439024,10.6991869919,28.1138211382,143.170731707,20.6178861789,27.0894308943,23.6016260163,14.4671690732,1008.30894309,377723.577236,1009.83739837,258.300813008,80.6910569106,188.056910569,70.8861788618,105.12195122,71.4715447154,-44.9430894309,59.0,-295.739837398,45.1788617886,-295.739837398,45.1788617886,71.0811039024,1.79075725749e+12,0.207233539074
129,EP04,TD,140000.0,1007.28571429,11.6071428571,10.0714285714,21.4482142857,86.0357142857,-12.1071428571,-8.53571428571,2.44642857143,10.8676295,1013.03571429,296446.428571,1014.5,228.589285714,79.0714285714,194.928571429,52.1071428571,105.392857143,56.0178571429,-53.0714285714,51.0535714286,-301.196428571,35.25,-301.196428571,35.25,12.8611,2.54175144167e+11,0.0374959183673
130,EP04,TS,146474.069149,1001.57513298,11.1356382979,9.23537234043,24.9748005319,99.0751329787,2.27460106383,4.13497340426,9.12832446809,13.4035921436,1009.16489362,315146.276596,1011.11635638,243.287898936,81.5631648936,186.918218085,64.5731382979,101.651595745,62.7686170213,-46.9035904255,45.1715425532,-300.311835106,33.0458776596,-300.311835106,33.0458776596,22.8370037633,4.81765176282e+11,0.0665801858988
131,EP05,HU1,131810.958904,993.687671233,9.89589041096,9.78356164384,25.4049315068,135.961643836,64.397260274,22.6794520548,14.4821917808,14.7624286466,1007.28767123,376328.767123,1009.13972603,245.339726027,81.5917808219,184.339726027,66.9890410959,100.920547945,62.4931506849,-49.5589041096,55.6684931507,-297.082191781,41.5890410959,-297.082191781,41.5890410959,38.2802713425,9.5968659048e+11,0.111604289628
132,EP05,HU2,128703.422053,993.019011407,10.8517110266,10.2243346008,25.7209125475,140.88973384,65.7034220532,24.4068441065,17.0228136882,15.1047017795,1007.74144487,379030.418251,1009.50570342,246.980988593,81.2395437262,186.384030418,66.3422053232,101.395437262,63.6045627376,-49.8897338403,55.4714828897,-295.479087452,42.3422053232,-295.479087452,42.3422053232,46.5835888213,1.17621850221e+12,0.135812212307
133,EP05,HU3,124889.518414,991.283286119,11.447592068,10.8328611898,26.2563739377,140.082152975,50.8725212465,21.9065155807,18.8101983003,14.5705697224,1007.00283286,383033.994334,1008.64589235,249.614730878,81.5467422096,188.283286119,66.8328611898,102.827195467,67.3342776204,-48.4985835694,58.2634560907,-296.201133144,44.6487252125,-296.201133144,44.6487252125,52.5082643626,1.34145134973e+12,0.153085318841
134,EP05,HU4,131297.727273,989.940909091,9.62272727273,9.97272727273,26.8227272727,155.461363636,56.7159090909,56.2181818182,26.8272727273,15.5970067273,1007.69090909,396063.636364,1009.52045455,253.706818182,81.0886363636,182.813636364,73.1181818182,98.8159090909,70.1977272727,-52.3659090909,57.675,-296.613636364,48.375,-296.613636364,48.375,61.73328,1.63020989969e+12,0.179980408163
135,EP05,TS,148474.870017,1000.81109185,7.05372616984,12.0909878683,24.362305026,103.16897747,42.0658578856,8.7452339688,8.28336221837,11.5152538683,1008.43847487,329045.92721,1010.6932409,235.121317158,82.8414211438,184.148180243,62.9228769497,103.56932409,57.8266897747,-47.8162911612,46.3284228769,-298.616117851,32.0381282496,-298.616117851,32.0381282496,23.4932398614,5.18505016775e+11,0.0684934106745
136,EP06,HU1,170967.667436,1004.21709007,11.4780600462,11.5288683603,26.1635103926,89.5519630485,41.3140877598,7.21709006928,10.2586605081,13.497917515,1009.43648961,320711.316397,1011.09237875,252.184757506,80.4457274827,179.004618938,68.5612009238,98.7228637413,63.8060046189,-54.5473441109,59.0484988453,-311.016166282,40.247113164,-311.016166282,40.247113164,36.2427580139,7.76475001918e+11,0.105664017533
137,EP06,HU2,166128.205128,1004.44444444,11.9829059829,12.1367521368,26.1632478632,95.6239316239,52.1623931624,5.61538461538,10.5299145299,14.4484015726,1010.76923077,335760.683761,1012.52136752,248.735042735,81.1196581197,179.076923077,66.6324786325,98.9487179487,60.8717948718,-54.0085470085,53.9401709402,-310.905982906,35.3333333333,-310.905982906,35.3333333333,45.3765989744,1.0144220106e+12,0.13229329147
138,EP06,TS,171177.21519,1005.09764919,11.417721519,11.7251356239,26.1683544304,80.1446654611,44.2459312839,20.0795660036,11.5352622061,12.7457454684,1009.39963834,288321.880651,1011.46292948,250.019891501,81.4484629295,176.837251356,73.157323689,99.8571428571,64.5063291139,-48.1826401447,51.0650994575,-305.412296564,38.3526220615,-305.412296564,38.3526220615,24.8989035443,4.82015732523e+11,0.0725915555228
139,EP07,HU1,133550.200803,1000.32128514,11.8634538153,10.6546184739,27.2044176707,101.257028112,4.66265060241,57.1927710843,21.2128514056,13.8879219598,1009.5502008,334277.108434,1010.95180723,258.791164659,79.718875502,188.357429719,72.3694779116,101.666666667,69.6706827309,-53.453815261,64.8995983936,-299.927710843,49.9196787149,-299.927710843,49.9196787149,35.5772115663,7.93114940268e+11,0.103723648881
140,EP07,TS,170152.126893,1002.34967556,9.07209805335,9.37274693583,26.7926459986,90.4650324441,24.7289113194,31.1117519827,14.7281903389,12.6585863562,1008.68348955,330227.108868,1010.17015141,253.031723143,79.5638067772,185.475847152,69.2977649603,101.021629416,67.6099495314,-50.624369142,62.8139870224,-299.32372026,44.8983417448,-299.32372026,44.8983417448,23.2593967123,5.14114142612e+11,0.0678116522225
141,EP08,HU1,165482.044199,998.578729282,10.0276243094,10.2955801105,26.3198895028,113.178176796,55.432320442,30.1809392265,15.294198895,14.3738780055,1007.69889503,361314.917127,1009.61464088,253.415745856,81.8342541436,185.074585635,71.885359116,101.444751381,70.5635359116,-45.6643646409,60.0096685083,-298.849447514,45.1975138122,-298.849447514,45.1975138122,35.9648937293,8.6471025561e+11,0.104853917578
142,EP08,HU2,159731.601732,998.774891775,9.85714285714,11.987012987,26.583982684,118.073593074,54.380952381,52.329004329,21.2770562771,14.477924,1008.27705628,353393.939394,1010.28138528,259.181818182,80.9047619048,184.748917749,76.1428571429,100.112554113,74.8311688312,-45.6233766234,64.4805194805,-293.909090909,48.5151515152,-293.909090909,48.5151515152,45.3980127273,1.06919130974e+12,0.132355722237
143,EP08,TS,173457.494407,1002.95973154,15.2527964206,8.69798657718,26.4294183445,90.7058165548,43.2662192394,17.9149888143,11.4295302013,14.8567284027,1008.86353468,327195.749441,1010.63758389,251.673378076,81.0447427293,181.837807606,70.9865771812,101.599552573,65.0033557047,-46.3232662192,53.8758389262,-300.624161074,39.1219239374,-300.624161074,39.1219239374,23.457840783,5.08946814841e+11,0.0683902063644
144,EP09,HU1,142569.293478,996.989809783,10.3172554348,8.29823369565,26.2105298913,120.222826087,43.0400815217,30.1956521739,16.6671195652,15.1170347962,1008.60597826,365400.13587,1010.38315217,251.175271739,81.3919836957,182.976902174,72.4082880435,101.175271739,65.9605978261,-47.511548913,56.1711956522,-298.758831522,42.8172554348,-298.758831522,42.8172554348,36.949451019,9.00120313591e+11,0.107724346994
145,EP09,HU2,145046.783626,998.085769981,10.7719298246,9.76218323587,26.2846003899,117.220272904,26.1949317739,25.746588694,15.4424951267,14.8988197037,1009.18128655,337538.011696,1011.37037037,249.113060429,80.7153996101,177.615984405,72.1052631579,98.7621832359,62.2826510721,-47.873294347,46.5633528265,-303.892787524,37.4463937622,-303.892787524,37.4463937622,46.7111140741,1.05214294128e+12,0.136184006047
146,EP09,HU3,130446.002805,991.967741935,8.08835904628,9.05329593268,27.5584852735,132.868162693,46.3394109397,26.1879382889,20.0028050491,14.8791923815,1007.95792426,365185.13324,1009.7769986,261.973352034,78.8302945302,190.016830295,64.3983169705,100.516129032,59.0631136045,-46.0392706872,45.1234221599,-301.991584853,40.237026648,-301.991584853,40.237026648,54.7850391585,1.334592078e+12,0.159723146235
147,EP09,HU4,144693.452381,1001.57886905,6.20089285714,9.93601190476,27.3583333333,93.3005952381,21.6517857143,38.0178571429,20.1130952381,12.932295375,1009.71428571,316364.583333,1011.8452381,258.641369048,77.8318452381,177.330357143,72.6651785714,97.1889880952,61.806547619,-48.8869047619,48.6547619048,-306.876488095,42.2380952381,-306.876488095,42.2380952381,61.15912375,1.29086197231e+12,0.178306483236
148,EP09,TS,154169.470405,1001.36635514,14.1769470405,8.00186915888,26.036635514,97.8174454829,28.6909657321,34.6947040498,16.2728971963,14.7996403813,1009.48161994,346363.239875,1011.08847352,249.093457944,81.030529595,180.075389408,72.446728972,98.9626168224,65.785046729,-49.4,54.9794392523,-302.753894081,41.2504672897,-302.753894081,41.2504672897,25.6965579315,5.9787367524e+11,0.0749170785174
149,EP10,HU1,149192.307692,999.091093117,8.78744939271,10.495951417,26.3931174089,110.829959514,54.2307692308,25.5971659919,14.4190283401,14.0326576923,1008.4048583,342724.696356,1010.55465587,252.518218623,80.2874493927,182.200404858,71.4331983806,100.085020243,66.4311740891,-47.8866396761,55.2449392713,-296.512145749,38.6376518219,-296.512145749,38.6376518219,36.7608769231,8.40830253487e+11,0.107174568289
150,EP10,HU2,146885.321101,999.208715596,8.59174311927,12.247706422,26.4681192661,111.669724771,70.8623853211,33.626146789,14.0137614679,13.6351258349,1008.67431193,328165.137615,1011.27522936,252.733944954,81.0412844037,184.139908257,70.0206422018,100.025229358,66.7385321101,-48.9059633028,57.8256880734,-295.263761468,39.5802752294,-295.263761468,39.5802752294,46.6657344037,1.02058334781e+12,0.136051703801
151,EP10,HU3,144677.248677,998.264550265,6.43386243386,12.8571428571,27.3042328042,114.010582011,63.7566137566,46.5185185185,18.6455026455,13.5769665185,1008.48677249,340058.201058,1010.84656085,258.275132275,80.0740740741,186.142857143,69.6349206349,99.6296296296,69.1375661376,-49.7037037037,62.0793650794,-294.010582011,44.4232804233,-294.010582011,44.4232804233,54.0302296296,1.22455183057e+12,0.157522535363
152,EP10,TS,168751.519757,1003.25,16.7788753799,10.1314589666,26.1063069909,87.4946808511,44.1147416413,26.4285714286,11.2750759878,14.9638312128,1009.08662614,319330.547112,1011.09118541,249.188449848,80.537993921,178.445288754,72.1762917933,98.5,65.0516717325,-50.1193009119,53.2712765957,-302.044832827,38.0509118541,-302.044832827,38.0509118541,23.2477087234,4.96888142433e+11,0.0677775764531
153,EP11,HU1,148049.403748,1000.10732538,7.14480408859,7.16183986371,26.0458262351,100.316865417,45.8313458262,6.66269165247,12.0715502555,13.1196365928,1009.69335605,363374.787053,1010.77683135,254.354344123,78.3918228279,180.96592845,72.1124361158,98.6371379898,64.9318568995,-44.5417376491,46.4974446337,-303.04770017,36.6081771721,-303.04770017,36.6081771721,34.1049203748,8.26464072413e+11,0.099431254737
154,EP11,HU2,145500.0,1007.5,4.66666666667,11.5,29.8333333333,46.3333333333,-10.1666666667,45.0,23.6666666667,10.6318426667,1009.66666667,350500.0,1010.16666667,278.833333333,72.8333333333,187.5,76.1666666667,97.1666666667,80.1666666667,-45.0,64.1666666667,-303.0,48.5,-303.0,48.5,48.87218,1.14197993933e+12,0.142484489796
155,EP11,TS,163356.749311,1004.19008264,11.5936639118,7.29338842975,26.6124655647,73.9359504132,35.6584022039,19.2541322314,12.5330578512,12.8497623912,1009.22727273,312455.922865,1011.00619835,256.744490358,77.3409090909,174.518595041,74.3326446281,98.1404958678,63.3106060606,-44.9628099174,48.6157024793,-302.297520661,35.9993112948,-302.297520661,35.9993112948,24.2412248485,5.09482851343e+11,0.0706741249227
156,EP12,HU1,163079.422383,1003.4368231,9.82671480144,8.43682310469,26.4270758123,87.9783393502,30.6353790614,33.9205776173,13.036101083,12.4116579495,1009.58122744,333620.938628,1011.02888087,246.794223827,82.0613718412,176.451263538,73.4801444043,93.8844765343,67.963898917,-51.9458483755,58.8303249097,-301.718411552,43.4223826715,-301.718411552,43.4223826715,34.2931713357,7.627923053e+11,0.0999800913578
157,EP12,TS,177458.891013,1004.80114723,12.6615678776,7.30019120459,27.1428298279,71.8776290631,41.9521988528,33.378585086,11.0114722753,12.1971426386,1008.80305927,313131.931166,1010.08986616,252.317399618,80.7801147228,179.630975143,72.3518164436,96.9101338432,68.0879541109,-49.0095602294,57.1166347992,-299.690248566,41.8011472275,-299.690248566,41.8011472275,23.4745813767,4.95860735126e+11,0.06843901276
158,EP13,HU1,154676.229508,996.696721311,10.0266393443,8.43237704918,26.5075819672,123.25204918,25.8135245902,62.2848360656,24.9159836066,15.5756354508,1009.11885246,372131.147541,1010.25819672,261.827868852,77.4631147541,185.932377049,71.4959016393,96.7807377049,71.4405737705,-47.731557377,57.9713114754,-296.899590164,45.5512295082,-296.899590164,45.5512295082,35.7369909836,8.86547248656e+11,0.104189478086
159,EP13,HU2,143518.518519,994.863247863,10.2763532764,9.05698005698,27.0658119658,126.641025641,20.264957265,45.7207977208,21.8376068376,14.9481890484,1008.7977208,366834.757835,1010.22792023,262.387464387,77.6923076923,186.196581197,69.9544159544,97.0284900285,67.6210826211,-48.1680911681,54.2279202279,-299.262108262,43.7578347578,-299.262108262,43.7578347578,45.9408751567,1.12349342106e+12,0.133938411536
160,EP13,HU3,142291.066282,997.475504323,9.14121037464,9.15561959654,27.1847262248,113.858789625,24.8155619597,55.8213256484,23.3083573487,14.3065838617,1009.97694524,365337.175793,1010.87896254,264.792507205,76.674351585,186.599423631,69.4149855908,98.5475504323,67.5590778098,-46.446685879,54.1613832853,-300.005763689,45.3371757925,-300.005763689,45.3371757925,52.5118342363,1.27947164625e+12,0.153095726636
161,EP13,HU4,134500.0,999.881944444,8.0625,10.5069444444,27.3027777778,109.069444444,17.4097222222,39.7916666667,17.7013888889,13.7649495278,1009.97222222,340305.555556,1011.68055556,249.180555556,78.5347222222,174.729166667,70.0,93.4305555556,61.6736111111,-50.3055555556,40.8541666667,-315.930555556,40.0208333333,-315.930555556,40.0208333333,62.5906866667,1.42256865269e+12,0.182480136054
162,EP13,TS,162423.849644,999.838626053,12.8139987038,8.45236552171,26.3318211277,106.377187297,27.4808813999,37.8963058976,18.8716785483,15.0669078445,1008.86066105,358946.208684,1010.28386261,253.139987038,79.5068049255,181.029163966,71.4387556708,95.8088139987,68.2158133506,-48.073882048,52.2430330525,-300.992222942,40.9604666235,-300.992222942,40.9604666235,23.7484420739,5.69375372336e+11,0.0692374404486
163,EP14,HU1,189294.117647,1003.05882353,6.58823529412,4.94117647059,25.8176470588,107.235294118,56.2941176471,17.4705882353,13.7647058824,14.4346934118,1010.0,413529.411765,1011.23529412,247.176470588,81.4117647059,172.588235294,75.2352941176,97.4117647059,61.1176470588,-47.2941176471,40.7647058824,-309.411764706,33.7647058824,-309.411764706,33.7647058824,33.43886,9.21863473725e+11,0.0974893877551
164,EP14,TS,185559.139785,1006.02867384,12.9856630824,9.32974910394,26.2422939068,74.5985663082,49.4516129032,32.853046595,10.6845878136,13.5783713835,1010.32258065,353290.322581,1011.62007168,248.491039427,79.6451612903,177.666666667,73.7168458781,97.8136200717,66.7311827957,-49.7025089606,55.9713261649,-300.835125448,42.458781362,-300.835125448,42.458781362,23.0393468817,5.45461223967e+11,0.0671701075269
165,EP15,HU1,143883.62069,997.728448276,16.286637931,7.30603448276,26.7090517241,112.463362069,50.9504310345,27.7823275862,14.8943965517,16.1462240776,1009.06896552,364346.982759,1010.625,254.275862069,78.0840517241,182.015086207,65.6336206897,98.6099137931,57.2607758621,-50.4267241379,46.9353448276,-303.778017241,39.1573275862,-303.778017241,39.1573275862,36.3159767672,8.82104783101e+11,0.105877483286
166,EP15,HU2,134203.703704,995.824074074,8.36111111111,5.49074074074,27.5092592593,111.240740741,44.6296296296,21.2407407407,13.1296296296,14.3091645926,1007.53703704,373638.888889,1008.64814815,264.240740741,75.962962963,189.537037037,65.5648148148,101.481481481,61.462962963,-51.8518518519,54.6296296296,-301.62037037,40.6388888889,-301.62037037,40.6388888889,45.5140038889,1.13391714109e+12,0.132693888889
167,EP15,HU3,163454.545455,995.954545455,10.8636363636,9.95454545455,28.4545454545,120.159090909,93.7954545455,38.8636363636,17.5681818182,14.9656436364,1008.22727273,371090.909091,1009.5,265.75,76.3409090909,183.454545455,64.9090909091,102.909090909,59.1136363636,-46.5454545455,52.1136363636,-304.295454545,46.3636363636,-304.295454545,46.3636363636,51.4444,1.27270327758e+12,0.149983673469
168,EP15,TS,146906.647808,999.380480905,13.7817067421,6.10466760962,27.3420084866,99.2244224422,51.6072607261,35.9938708157,16.0292314946,14.8157931617,1008.51956624,349562.470533,1010.05893446,256.721829326,76.9438943894,183.801508722,63.0952380952,99.0372465818,58.0971239981,-50.0782649694,46.9905704856,-302.902876002,39.5393682225,-302.902876002,39.5393682225,24.7592850165,5.79474637237e+11,0.0721845044213
169,EP16,HU1,163354.83871,998.462365591,16.4086021505,10.8494623656,26.8677419355,113.129032258,70.8709677419,71.8817204301,24.1827956989,17.6625773333,1008.06451613,399870.967742,1009.15053763,261.462365591,75.6344086022,181.35483871,69.7419354839,96.2580645161,65.752688172,-51.5268817204,53.3010752688,-294.010752688,43.4946236559,-294.010752688,43.4946236559,36.7301952688,9.77283181978e+11,0.107085117402
170,EP16,HU2,161683.544304,995.544303797,22.6329113924,13.1012658228,26.4493670886,121.82278481,74.4810126582,66.7721518987,25.9113924051,20.0307562532,1006.93670886,412303.797468,1007.98734177,256.708860759,76.8227848101,179.17721519,68.7594936709,95.5063291139,59.3291139241,-55.2405063291,46.3670886076,-293.898734177,42.253164557,-293.898734177,42.253164557,47.5697901266,1.30730639519e+12,0.138687434771
171,EP16,HU3,164691.176471,998.132352941,12.8382352941,12.3676470588,26.1720588235,115.514705882,81.5735294118,74.6617647059,25.9705882353,16.9615212941,1007.5,389750.0,1008.85294118,261.441176471,76.6911764706,181.382352941,70.75,97.6323529412,66.1911764706,-51.0441176471,52.1323529412,-292.323529412,43.9852941176,-292.323529412,43.9852941176,52.7683367647,1.37058473094e+12,0.153843547419
172,EP16,TS,158193.593315,1003.39554318,14.7339832869,7.70891364903,27.3090529248,72.0,37.0543175487,54.9846796657,17.7520891365,13.6700237827,1008.50696379,321451.253482,1009.67966574,261.615598886,78.3871866295,182.883008357,73.5431754875,98.9763231198,69.1281337047,-50.4846796657,62.6030640669,-300.710306407,47.635097493,-300.710306407,47.635097493,22.6090256546,4.83410177642e+11,0.0659155266898
173,EP17,HU1,169948.275862,997.620689655,12.5344827586,6.87931034483,28.0913793103,73.775862069,42.2931034483,36.4655172414,9.46551724138,12.2490890345,1002.31034483,321827.586207,1003.51724138,263.775862069,77.0,181.931034483,65.4655172414,104.586206897,54.7586206897,-52.1551724138,53.6896551724,-306.775862069,33.724137931,-306.775862069,33.724137931,37.0754468966,7.94017704828e+11,0.108091681914
174,EP17,HU2,169292.682927,994.341463415,9.63414634146,5.09756097561,28.2902439024,74.3658536585,52.4634146341,29.8536585366,11.4146341463,10.4645438049,998.829268293,326000.0,999.975609756,265.926829268,75.9512195122,182.195121951,66.3658536585,106.317073171,52.2682926829,-51.3414634146,55.3414634146,-303.829268293,31.5853658537,-303.829268293,31.5853658537,44.9197443902,9.7617212865e+11,0.130961353907
175,EP17,TS,185759.60483,1003.19648738,20.9978046103,5.8737650933,27.4622392975,70.8726673985,5.70252469813,32.0153677278,13.8770581778,16.4881843161,1007.21624588,321687.15697,1008.41712404,255.03183315,78.3336992316,175.7233809,69.7354555434,93.392974753,62.420417124,-52.7211855104,47.4226125137,-311.626783754,40.4467618002,-311.626783754,40.4467618002,21.8313996048,4.67353268231e+11,0.0636483953494
176,EP18,TS,193537.848606,1002.00398406,15.0597609562,8.39043824701,26.1908366534,90.3266932271,55.0717131474,38.1195219124,14.4103585657,14.3511429801,1007.6812749,350482.071713,1009.30278884,250.175298805,79.8884462151,180.322709163,73.5099601594,100.298804781,71.9521912351,-39.5179282869,49.6055776892,-295.302788845,41.8525896414,-295.302788845,41.8525896414,18.9995851793,4.43305207984e+11,0.055392376616
177,EP19,TS,180306.25,1005.825,11.7125,7.04375,27.9925,52.75,17.1125,25.39375,12.3875,13.4012662,1010.0625,345800.0,1010.625,259.15625,74.8875,184.375,59.85,102.78125,59.8125,-40.0125,49.025,-300.8625,39.50625,-300.8625,39.50625,22.15324475,5.14356115817e+11,0.0645867193878
178,EP20,HU1,152121.212121,987.212121212,11.303030303,6.24242424242,28.0111111111,168.202020202,43.4646464646,97.4949494949,38.2525252525,17.5690420606,1006.98989899,416676.767677,1008.52525253,268.98989899,76.3636363636,181.373737374,75.2626262626,95.2222222222,72.9393939394,-48.3434343434,58.7878787879,-296.383838384,49.7777777778,-296.383838384,49.7777777778,37.3361630303,1.035151399e+12,0.10885178726
179,EP20,HU2,148766.666667,998.333333333,4.1,11.1,29.66,107.066666667,28.7666666667,102.0,33.9333333333,13.0325813333,1007.33333333,355233.333333,1009.06666667,273.166666667,77.0666666667,183.3,77.1,95.6,75.3,-54.3,66.5333333333,-300.033333333,59.0333333333,-300.033333333,59.0333333333,45.3568126667,1.07399902276e+12,0.132235605442
180,EP20,HU3,157071.428571,986.738095238,10.9523809524,8.0,28.0166666667,170.952380952,37.9761904762,86.8095238095,39.2857142857,17.3686093333,1006.19047619,405000.0,1008.07142857,268.19047619,76.8333333333,180.380952381,74.8571428571,92.4047619048,74.7142857143,-50.1904761905,63.6666666667,-298.785714286,52.2619047619,-298.785714286,52.2619047619,51.4444,1.3889988e+12,0.149983673469
181,EP20,HU4,148719.69697,991.515151515,7.19696969697,10.0151515152,28.8325757576,150.954545455,33.2727272727,98.7424242424,39.6742424242,15.4411146061,1007.63636364,397113.636364,1009.53030303,272.098484848,75.75,182.810606061,74.8560606061,93.9924242424,74.8333333333,-51.4696969697,67.6439393939,-297.507575758,57.2803030303,-297.507575758,57.2803030303,62.6101731818,1.65771654484e+12,0.182536948052
182,EP20,HU5,146119.402985,990.656716418,6.58955223881,11.2537313433,29.0380597015,150.798507463,35.3358208955,105.373134328,42.0746268657,15.421802597,1007.56716418,395492.537313,1009.58955224,272.880597015,75.7611940299,183.5,74.2089552239,93.9701492537,75.328358209,-52.5970149254,69.5895522388,-297.037313433,59.3059701493,-297.037313433,59.3059701493,77.2241870149,2.03639202179e+12,0.225143402376
183,EP20,TS,152230.54755,985.962536023,18.469740634,7.19884726225,27.5878962536,164.097982709,70.1498559078,83.2391930836,33.9452449568,19.7816319654,1006.29394813,417925.072046,1007.05475504,260.4870317,76.8962536023,179.829971182,72.9452449568,96.9625360231,63.7377521614,-51.5965417867,44.9308357349,-298.919308357,45.2305475504,-298.919308357,45.2305475504,27.9830850144,7.81479476419e+11,0.0815833382344
184,EP21,HU1,134679.245283,995.981132075,15.1886792453,5.33962264151,28.8339622642,107.037735849,14.7169811321,136.716981132,43.9056603774,15.6371563019,1007.62264151,349962.264151,1008.45283019,267.0,73.8490566038,176.58490566,73.8490566038,89.6226415094,76.5660377358,-59.0188679245,65.3962264151,-305.79245283,54.9056603774,-305.79245283,54.9056603774,36.3993396226,8.4705307673e+11,0.106120523681
185,EP21,HU2,133808.510638,997.106382979,11.1063829787,4.53191489362,28.7340425532,96.3829787234,18.0,108.659574468,34.1063829787,14.2949758298,1007.10638298,355000.0,1008.04255319,265.659574468,76.5531914894,176.765957447,75.4893617021,92.7872340426,74.3404255319,-57.2765957447,64.2553191489,-308.14893617,51.3404255319,-308.14893617,51.3404255319,45.3695825532,1.07167441694e+12,0.132272835432
186,EP21,TS,153438.287154,999.073047859,17.7153652393,6.02770780856,28.4294710327,97.7103274559,30.9773299748,96.0982367758,32.1385390428,15.9762722317,1008.87657431,363382.871537,1009.93450882,262.435768262,73.5944584383,177.269521411,69.9244332494,90.314861461,67.7002518892,-58.0654911839,59.9647355164,-309.297229219,52.0277078086,-309.297229219,52.0277078086,22.3789619144,5.42038240551e+11,0.0652447869223
187,IO05,TS,198000.0,1000.71428571,19.2857142857,7.57142857143,28.8142857143,92.0,101.714285714,86.1428571429,19.2857142857,15.947764,1004.28571429,271571.428571,1006.71428571,278.285714286,66.2857142857,182.714285714,69.7142857143,100.714285714,69.4285714286,-37.5714285714,52.1428571429,-292.142857143,55.2857142857,-292.142857143,55.2857142857,23.14998,4.19124876e+11,0.0674926530612
188,SH02,TS,221777.777778,997.333333333,8.22222222222,6.22222222222,28.1,-123.444444444,-157.666666667,79.1111111111,24.4444444444,16.2335662222,1004.0,404777.777778,1005.22222222,264.666666667,78.1111111111,175.666666667,81.7777777778,102.111111111,68.1111111111,-41.6666666667,55.1111111111,-291.333333333,59.4444444444,-291.333333333,59.4444444444,28.29442,7.63530163407e+11,0.0824910204082
189,SH03,TS,190111.111111,1002.33333333,21.5,6.38888888889,26.6,-79.5555555556,-78.8888888889,34.7777777778,14.2222222222,17.1481333333,1006.44444444,379944.444444,1007.16666667,255.166666667,80.8333333333,172.333333333,80.0555555556,92.4444444444,74.5555555556,-46.2777777778,46.0,-301.333333333,34.9444444444,-301.333333333,34.9444444444,25.7222,6.58821755926e+11,0.0749918367347
190,SH08,TS,189300.0,999.6,15.5,3.8,29.17,-67.5,-124.6,47.7,9.9,14.7130984,1002.0,372200.0,1002.0,283.3,73.4,197.9,68.8,103.2,78.1,-41.1,78.3,-282.1,55.6,-282.1,55.6,23.14998,5.744281704e+11,0.0674926530612
191,SH21,TS,224230.769231,1004.0,9.38461538462,7.38461538462,29.4769230769,-68.1538461538,-134.538461538,20.6153846154,11.3076923077,11.4364858462,1005.69230769,341692.307692,1007.0,273.076923077,78.5384615385,185.230769231,78.7692307692,111.538461538,67.3846153846,-32.7692307692,57.3846153846,-283.230769231,48.7692307692,-283.230769231,48.7692307692,25.7222,5.85938525128e+11,0.0749918367347
192,WP06,TS,196968.75,996.96875,10.90625,8.875,29.85,116.4375,71.8125,62.5,34.875,13.92214075,1004.4375,401500.0,1005.1875,294.09375,72.875,193.25,81.53125,108.90625,79.1875,-42.71875,79.09375,-279.5,59.75,-279.5,59.75,25.7222,6.88497553333e+11,0.0749918367347
193,WP10,TS,201000.0,1001.8,12.6,10.7,29.58,90.7,67.4,90.3,38.7,16.1020972,1008.0,387100.0,1008.1,276.8,73.0,179.9,74.7,97.4,71.2,-52.3,67.2,-298.5,55.4,-298.5,55.4,23.14998,5.974238172e+11,0.0674926530612
194,WP11,TS,214567.164179,1006.85074627,26.8059701493,16.2686567164,24.5910447761,58.8208955224,-34.5671641791,22.9850746269,6.0,17.3298523582,1012.80597015,342000.0,1013.28358209,232.567164179,83.8656716418,170.134328358,72.0298507463,94.8208955224,63.8208955224,-60.2388059701,56.4776119403,-304.179104478,46.0149253731,-304.179104478,46.0149253731,28.2560286567,6.36057537831e+11,0.0823790922936
195,WP12,TS,202535.714286,1003.17857143,9.10714285714,13.1428571429,29.0035714286,63.2142857143,61.9285714286,27.1785714286,13.1785714286,11.39126,1006.14285714,362142.857143,1007.5,278.214285714,79.0,191.5,76.8214285714,115.5,64.5,-34.1071428571,52.4285714286,-284.107142857,49.6785714286,-284.107142857,49.6785714286,27.835095,6.70191921e+11,0.0811518804665
196,WP15,TS,179754.716981,993.528301887,16.5849056604,5.0,27.8132075472,114.188679245,61.3396226415,31.3396226415,27.5660377358,17.7046387925,1005.20754717,419075.471698,1005.62264151,273.075471698,78.4150943396,183.320754717,79.0754716981,103.58490566,72.9056603774,-37.8113207547,55.3773584906,-283.283018868,41.3396226415,-283.283018868,41.3396226415,20.57776,5.74908965233e+11,0.0599934693878
197,WP19,TS,168116.666667,991.533333333,11.25,6.16666666667,26.025,139.6,118.033333333,13.3166666667,27.6333333333,17.3281887333,1005.73333333,376766.666667,1007.05,264.733333333,76.55,175.616666667,75.6,102.616666667,63.15,-39.25,63.7,-282.266666667,44.7,-282.266666667,44.7,18.00554,4.52259152489e+11,0.0524942857143
198,WP22,TS,151560.606061,984.454545455,16.4242424242,8.78787878788,27.1181818182,173.015151515,116.439393939,56.7575757576,31.696969697,22.5809737576,1005.36363636,413333.333333,1006.65151515,257.46969697,77.2878787879,168.242424242,76.303030303,91.6363636364,55.3333333333,-56.9848484848,40.5303030303,-286.287878788,37.0757575758,-286.287878788,37.0757575758,25.7222,7.08789511111e+11,0.0749918367347
199,WP24,TS,154476.190476,990.119047619,7.07142857143,13.0,27.9214285714,164.976190476,82.9285714286,59.6666666667,36.5952380952,16.498954,1005.0952381,402166.666667,1007.69047619,268.547619048,78.0714285714,181.30952381,78.4285714286,101.0,68.0714285714,-41.6904761905,59.619047619,-286.142857143,57.8333333333,-286.142857143,57.8333333333,30.86664,8.27568914667e+11,0.0899902040816
